<?xml version="1.0" encoding="utf-8"?>
<ModMetaData>
	<name>RimWorld模组汉化整合</name>
	<author>SeanLee、Emo</author>
    <url>https://coding.net/u/Emo129/p/Rimworld-Translation-Package</url>
	<targetVersion>0.15.0</targetVersion>
	<description>
  本模组整合了大量的模组汉化,让你没有安装汉化的后顾之忧。点击链接可以检查你是否使用的是最新版本。
	Rimworld Translate Package,整合一切。
	
	
	联系请入坑：Rimworld 贴吧交流群    群号：537512704
	
	
	PS:请将本MOD安放在MOD列表的最后一位。
	</description>
</ModMetaData>